<testset>
  <endpoints>
    <teil1 xmlns="http://riddl.org/ns/common-patterns/properties/1.0">http://wwwlab.cs.univie.ac.at/~a9902268/choreography/inventory_mgmt.php/parts/controlpanel/english</teil1>
    <teil2 xmlns="http://riddl.org/ns/common-patterns/properties/1.0">http://wwwlab.cs.univie.ac.at/~a9902268/choreography/inventory_mgmt.php/parts/agiator/1000RPM</teil2>
    <teil3 xmlns="http://riddl.org/ns/common-patterns/properties/1.0">http://wwwlab.cs.univie.ac.at/~a9902268/choreography/inventory_mgmt.php/parts/casing/studentwhite</teil3>
    <teil4 xmlns="http://riddl.org/ns/common-patterns/properties/1.0">http://wwwlab.cs.univie.ac.at/~a9902268/choreography/inventory_mgmt.php/parts/tub/6kg</teil4>
    <progress xmlns="http://riddl.org/ns/common-patterns/properties/1.0">http://wwwlab.cs.univie.ac.at/~a9902268/choreography/progress_mgmt.php/progress</progress>
    <correlation xmlns="http://riddl.org/ns/common-patterns/properties/1.0">http://wwwlab.cs.univie.ac.at/~a9902268/choreography/correlation.php</correlation>
    <produzieren xmlns="http://riddl.org/ns/common-patterns/properties/1.0">http://cpee.org:9350</produzieren>
  </endpoints>
  <description>
    <description xmlns="http://cpee.org/ns/description/1.0">
      <manipulate id="man">
        data.pid = Digest::MD5.hexdigest(Kernel::rand().to_s)
      </manipulate>
      <parallel svg-label="">
        <parallel_branch>
          <call id="a11" endpoint="teil1">
            <parameters>
              <label>"Menge teil1"</label>
              <method>:get</method>
            </parameters>
            <finalize>data.teil1 = result["menge"] - 1</finalize>
          </call>
          <call id="a21" endpoint="teil1">
            <parameters>
              <label>"Menge teil1 setzen"</label>
              <method>:put</method>
              <parameters>
                <menge>data.teil1</menge>
              </parameters>
            </parameters>
          </call>
        </parallel_branch>
        <parallel_branch>
          <call id="a12" endpoint="teil2">
            <parameters>
              <label>"Menge teil2"</label>
              <method>:get</method>
            </parameters>
            <finalize>data.teil2 = result["menge"] - 1 </finalize>
          </call>
          <call id="a22" endpoint="teil2">
            <parameters>
              <label>"Menge teil2 setzen"</label>
              <method>:put</method>
              <parameters>
                <menge>data.teil2</menge>
              </parameters>
            </parameters>
          </call>
        </parallel_branch>
        <parallel_branch>
          <call id="a13" endpoint="teil3">
            <parameters>
              <label>"Menge teil3"</label>
              <method>:get</method>
            </parameters>
            <finalize>data.teil3 = result["menge"] - 1</finalize>
          </call>
          <call id="a23" endpoint="teil3">
            <parameters>
              <label>"Menge teil3 setzen"</label>
              <method>:put</method>
              <parameters>
                <menge>data.teil3</menge>
              </parameters>
            </parameters>
          </call>
        </parallel_branch>
        <parallel_branch>
          <call id="a14" endpoint="teil4">
            <parameters>
              <label>"Menge teil4"</label>
              <method>:get</method>
            </parameters>
            <finalize>data.teil4 = result["menge"] - 1</finalize>
          </call>
          <call id="a24" endpoint="teil4">
            <parameters>
              <label>"Menge Rohre setzen"</label>
              <method>:put</method>
              <parameters>
                <menge>data.teil4 </menge>
              </parameters>
            </parameters>
          </call>
        </parallel_branch>
      </parallel>
      <call id="a3" endpoint="produzieren">
        <parameters>
          <label>"Teil produzieren"</label>
          <method>:post</method>
          <parameters>
            <delegate>endpoints.progress</delegate>
            <async>endpoints.correlation</async>
            <pid>data.pid</pid>          
          </parameters>
        </parameters>
      </call>
      <loop pre_test="data.progress != 'END'">
        <call id="a4" endpoint="correlation">
          <parameters>
            <label>"Warten auf Fortschritt"</label>
            <method>:post</method>
            <parameters>
              <pid>data.pid</pid>          
            </parameters>
          </parameters>
          <finalize>data.progress = result["progress"]</finalize>
        </call>
      </loop>
    </description>
  </description>
  <attributes>
    <info xmlns="http://riddl.org/ns/common-patterns/properties/1.0">Beispiel Produktion</info>
    <modeltype xmlns="http://riddl.org/ns/common-patterns/properties/1.0">CPEE</modeltype>
  </attributes>
</testset>
