<?xml version="1.0" encoding="UTF-8"?>
<studies name="5.09. Master Wirtschaftsinformatik" period="N/A" numberOfStudyPrograms="N/A">
  <study name="5.09. Master Wirtschaftsinformatik" id="509_1" parentID="N/A">
    <module name="1. Pflichtmodule (66 ECTS)" id="509_2 " parentID="509_1">
      <category name="A. Grundlagen (12 ECTS)" id="509_3" parentID="509_2 ">
        <sub-category name="Modul STW Strukturwissenschaften (6 ECTS)" id="509_4" parentID="509_3"/>
        <sub-category name="Modul ASE Advanced Software Engineering (6 ECTS)" id="509_5" parentID="509_3"/>
      </category>
      <category name="B. Anwendungsfach (18 ECTS)" id="509_6" parentID="509_2 ">
        <sub-category name="Modul BW1 Quantitative BWL (6 ECTS)" id="509_7" parentID="509_6">
          <course id="040134" name="Mathematische Optimierung" title="Mathematische Optimierung" type="UK" groupcount="1" continousassessment="Yes" ects="10,0" weekhours="N/A" responsible_unit="Studienprogrammleitung Wirtschaftswissenschaften&#10;&#9;&#9;&#9;&#9;&#9;">
            <group appointmentcount="38" signlanguage="No" livestream="No" learningplatform="" learningplatformurl="N/A" block="No" duration_min_sum="4500">
              <appointment date="09-Mar-2015" start="1315" end="1445" duration_min="90" room="Hörsaal 14" zip="1090" city="Wien" roomnumber="02.630" street="Oskar-Morgenstern-Platz 1"/>
              <appointment date="10-Mar-2015" start="1500" end="1630" duration_min="90" room="Hörsaal 14" zip="1090" city="Wien" roomnumber="02.630" street="Oskar-Morgenstern-Platz 1"/>
              <appointment date="16-Mar-2015" start="1315" end="1445" duration_min="90" room="Hörsaal 14" zip="1090" city="Wien" roomnumber="02.630" street="Oskar-Morgenstern-Platz 1"/>
              <appointment date="17-Mar-2015" start="1500" end="1630" duration_min="90" room="Hörsaal 14" zip="1090" city="Wien" roomnumber="02.630" street="Oskar-Morgenstern-Platz 1"/>
              <appointment date="23-Mar-2015" start="1315" end="1445" duration_min="90" room="Hörsaal 14" zip="1090" city="Wien" roomnumber="02.630" street="Oskar-Morgenstern-Platz 1"/>
              <appointment date="24-Mar-2015" start="1500" end="1630" duration_min="90" room="Hörsaal 14" zip="1090" city="Wien" roomnumber="02.630" street="Oskar-Morgenstern-Platz 1"/>
              <appointment date="13-Apr-2015" start="1315" end="1445" duration_min="90" room="Hörsaal 14" zip="1090" city="Wien" roomnumber="02.630" street="Oskar-Morgenstern-Platz 1"/>
              <appointment date="14-Apr-2015" start="1500" end="1630" duration_min="90" room="Hörsaal 14" zip="1090" city="Wien" roomnumber="02.630" street="Oskar-Morgenstern-Platz 1"/>
              <appointment date="20-Apr-2015" start="1315" end="1445" duration_min="90" room="Hörsaal 14" zip="1090" city="Wien" roomnumber="02.630" street="Oskar-Morgenstern-Platz 1"/>
              <appointment date="21-Apr-2015" start="1500" end="1630" duration_min="90" room="Hörsaal 14" zip="1090" city="Wien" roomnumber="02.630" street="Oskar-Morgenstern-Platz 1"/>
              <appointment date="27-Apr-2015" start="1315" end="1445" duration_min="90" room="Hörsaal 14" zip="1090" city="Wien" roomnumber="02.630" street="Oskar-Morgenstern-Platz 1"/>
              <appointment date="28-Apr-2015" start="1500" end="1630" duration_min="90" room="Hörsaal 14" zip="1090" city="Wien" roomnumber="02.630" street="Oskar-Morgenstern-Platz 1"/>
              <appointment date="04-May-2015" start="1315" end="1445" duration_min="90" room="Hörsaal 14" zip="1090" city="Wien" roomnumber="02.630" street="Oskar-Morgenstern-Platz 1"/>
              <appointment date="05-May-2015" start="1500" end="1630" duration_min="90" room="Hörsaal 14" zip="1090" city="Wien" roomnumber="02.630" street="Oskar-Morgenstern-Platz 1"/>
              <appointment date="18-May-2015" start="1315" end="1445" duration_min="90" room="Hörsaal 14" zip="1090" city="Wien" roomnumber="02.630" street="Oskar-Morgenstern-Platz 1"/>
              <appointment date="19-May-2015" start="1500" end="1630" duration_min="90" room="Hörsaal 14" zip="1090" city="Wien" roomnumber="02.630" street="Oskar-Morgenstern-Platz 1"/>
              <appointment date="01-Jun-2015" start="1315" end="1445" duration_min="90" room="Hörsaal 14" zip="1090" city="Wien" roomnumber="02.630" street="Oskar-Morgenstern-Platz 1"/>
              <appointment date="02-Jun-2015" start="1500" end="1630" duration_min="90" room="Hörsaal 14" zip="1090" city="Wien" roomnumber="02.630" street="Oskar-Morgenstern-Platz 1"/>
              <appointment date="15-Jun-2015" start="1315" end="1445" duration_min="90" room="Hörsaal 14" zip="1090" city="Wien" roomnumber="02.630" street="Oskar-Morgenstern-Platz 1"/>
              <appointment date="16-Jun-2015" start="1500" end="1630" duration_min="90" room="Hörsaal 14" zip="1090" city="Wien" roomnumber="02.630" street="Oskar-Morgenstern-Platz 1"/>
              <appointment date="22-Jun-2015" start="1315" end="1445" duration_min="90" room="Hörsaal 14" zip="1090" city="Wien" roomnumber="02.630" street="Oskar-Morgenstern-Platz 1"/>
              <appointment date="23-Jun-2015" start="1500" end="1630" duration_min="90" room="Hörsaal 14" zip="1090" city="Wien" roomnumber="02.630" street="Oskar-Morgenstern-Platz 1"/>
              <appointment date="10-Mar-2015" start="1645" end="1945" duration_min="180" room="Seminarraum 14" zip="1090" city="Wien" roomnumber="02.312" street="Oskar-Morgenstern-Platz 1"/>
              <appointment date="17-Mar-2015" start="1645" end="1945" duration_min="180" room="Seminarraum 14" zip="1090" city="Wien" roomnumber="02.312" street="Oskar-Morgenstern-Platz 1"/>
              <appointment date="24-Mar-2015" start="1645" end="1945" duration_min="180" room="Seminarraum 14" zip="1090" city="Wien" roomnumber="02.312" street="Oskar-Morgenstern-Platz 1"/>
              <appointment date="14-Apr-2015" start="1645" end="1945" duration_min="180" room="Seminarraum 14" zip="1090" city="Wien" roomnumber="02.312" street="Oskar-Morgenstern-Platz 1"/>
              <appointment date="21-Apr-2015" start="1645" end="1945" duration_min="180" room="Seminarraum 14" zip="1090" city="Wien" roomnumber="02.312" street="Oskar-Morgenstern-Platz 1"/>
              <appointment date="28-Apr-2015" start="1645" end="1945" duration_min="180" room="Seminarraum 14" zip="1090" city="Wien" roomnumber="02.312" street="Oskar-Morgenstern-Platz 1"/>
              <appointment date="05-May-2015" start="1645" end="1945" duration_min="180" room="Seminarraum 14" zip="1090" city="Wien" roomnumber="02.312" street="Oskar-Morgenstern-Platz 1"/>
              <appointment date="12-May-2015" start="1645" end="1945" duration_min="180" room="Seminarraum 14" zip="1090" city="Wien" roomnumber="02.312" street="Oskar-Morgenstern-Platz 1"/>
              <appointment date="19-May-2015" start="1645" end="1945" duration_min="180" room="Seminarraum 14" zip="1090" city="Wien" roomnumber="02.312" street="Oskar-Morgenstern-Platz 1"/>
              <appointment date="02-Jun-2015" start="1645" end="1945" duration_min="180" room="Seminarraum 14" zip="1090" city="Wien" roomnumber="02.312" street="Oskar-Morgenstern-Platz 1"/>
              <appointment date="16-Jun-2015" start="1645" end="1945" duration_min="180" room="Seminarraum 14" zip="1090" city="Wien" roomnumber="02.312" street="Oskar-Morgenstern-Platz 1"/>
              <appointment date="23-Jun-2015" start="1645" end="1945" duration_min="180" room="Seminarraum 14" zip="1090" city="Wien" roomnumber="02.312" street="Oskar-Morgenstern-Platz 1"/>
              <appointment date="11-May-2015" start="1315" end="1445" duration_min="90" room="Hörsaal 8" zip="1090" city="Wien" roomnumber="01.305" street="Oskar-Morgenstern-Platz 1"/>
              <appointment date="08-Jun-2015" start="1315" end="1445" duration_min="90" room="Hörsaal 8" zip="1090" city="Wien" roomnumber="01.305" street="Oskar-Morgenstern-Platz 1"/>
              <appointment date="09-Jun-2015" start="1500" end="1630" duration_min="90" room="Hörsaal 7" zip="1090" city="Wien" roomnumber="01.303" street="Oskar-Morgenstern-Platz 1"/>
              <appointment date="12-May-2015" start="1500" end="1630" duration_min="90" room="Hörsaal 7" zip="1090" city="Wien" roomnumber="01.303" street="Oskar-Morgenstern-Platz 1"/>
              <courselanguage>Deutsch</courselanguage>
              <lecturer givenname="Immanuel" name="Bomze" email="immanuel.bomze@univie.ac.at" role="V - Verantwortlicher Leiter"/>
              <lecturer givenname="Werner" name="Schachinger" email="werner.schachinger@univie.ac.at" role="P - Mitanbieter"/>
              <lecturer givenname="Reinhard" name="Ullrich" email="reinhard.ullrich@univie.ac.at" role="P - Mitanbieter"/>
            </group>
          </course>
          <course id="040690" name="Erweiterungen des Linearen Modells" title="Erweiterungen des Linearen Modells" type="UK" groupcount="1" continousassessment="Yes" ects="8,0" weekhours="N/A" responsible_unit="Studienprogrammleitung Wirtschaftswissenschaften&#10;&#9;&#9;&#9;&#9;&#9;">
            <group appointmentcount="13" signlanguage="No" livestream="No" learningplatform="MOODLE" learningplatformurl="N/A" block="No" duration_min_sum="2340">
              <appointment date="03-Mar-2015" start="915" end="1215" duration_min="180" room="Hörsaal 16" zip="1090" city="Wien" roomnumber="02.308" street="Oskar-Morgenstern-Platz 1"/>
              <appointment date="10-Mar-2015" start="915" end="1215" duration_min="180" room="Hörsaal 16" zip="1090" city="Wien" roomnumber="02.308" street="Oskar-Morgenstern-Platz 1"/>
              <appointment date="17-Mar-2015" start="915" end="1215" duration_min="180" room="Hörsaal 16" zip="1090" city="Wien" roomnumber="02.308" street="Oskar-Morgenstern-Platz 1"/>
              <appointment date="24-Mar-2015" start="915" end="1215" duration_min="180" room="Hörsaal 16" zip="1090" city="Wien" roomnumber="02.308" street="Oskar-Morgenstern-Platz 1"/>
              <appointment date="14-Apr-2015" start="915" end="1215" duration_min="180" room="Hörsaal 16" zip="1090" city="Wien" roomnumber="02.308" street="Oskar-Morgenstern-Platz 1"/>
              <appointment date="21-Apr-2015" start="915" end="1215" duration_min="180" room="Hörsaal 16" zip="1090" city="Wien" roomnumber="02.308" street="Oskar-Morgenstern-Platz 1"/>
              <appointment date="28-Apr-2015" start="915" end="1215" duration_min="180" room="Hörsaal 16" zip="1090" city="Wien" roomnumber="02.308" street="Oskar-Morgenstern-Platz 1"/>
              <appointment date="05-May-2015" start="915" end="1215" duration_min="180" room="Hörsaal 16" zip="1090" city="Wien" roomnumber="02.308" street="Oskar-Morgenstern-Platz 1"/>
              <appointment date="12-May-2015" start="915" end="1215" duration_min="180" room="Hörsaal 16" zip="1090" city="Wien" roomnumber="02.308" street="Oskar-Morgenstern-Platz 1"/>
              <appointment date="19-May-2015" start="915" end="1215" duration_min="180" room="Hörsaal 16" zip="1090" city="Wien" roomnumber="02.308" street="Oskar-Morgenstern-Platz 1"/>
              <appointment date="16-Jun-2015" start="915" end="1215" duration_min="180" room="Hörsaal 16" zip="1090" city="Wien" roomnumber="02.308" street="Oskar-Morgenstern-Platz 1"/>
              <appointment date="23-Jun-2015" start="915" end="1215" duration_min="180" room="Hörsaal 16" zip="1090" city="Wien" roomnumber="02.308" street="Oskar-Morgenstern-Platz 1"/>
              <appointment date="30-Jun-2015" start="915" end="1215" duration_min="180" room="Hörsaal 16" zip="1090" city="Wien" roomnumber="02.308" street="Oskar-Morgenstern-Platz 1"/>
              <courselanguage>Deutsch</courselanguage>
              <lecturer givenname="Wilfried" name="Grossmann" email="wilfried.grossmann@univie.ac.at" role="V - Verantwortlicher Leiter"/>
              <lecturer givenname="Marcus" name="Hudec" email="marcus.hudec@univie.ac.at" role="P - Mitanbieter"/>
            </group>
          </course>
          <course id="040973" name="Multivariate Zeitreihenanalyse" title="Multivariate Zeitreihenanalyse" type="UK" groupcount="1" continousassessment="Yes" ects="4,0" weekhours="N/A" responsible_unit="Studienprogrammleitung Wirtschaftswissenschaften&#10;&#9;&#9;&#9;&#9;&#9;">
            <group appointmentcount="12" signlanguage="No" livestream="No" learningplatform="" learningplatformurl="N/A" block="No" duration_min_sum="1620">
              <appointment date="05-Mar-2015" start="1230" end="1445" duration_min="135" room="PC-Seminarraum 2" zip="1090" city="Wien" roomnumber="U1.608" street="Oskar-Morgenstern-Platz 1"/>
              <appointment date="19-Mar-2015" start="1230" end="1445" duration_min="135" room="PC-Seminarraum 2" zip="1090" city="Wien" roomnumber="U1.608" street="Oskar-Morgenstern-Platz 1"/>
              <appointment date="26-Mar-2015" start="1230" end="1445" duration_min="135" room="PC-Seminarraum 2" zip="1090" city="Wien" roomnumber="U1.608" street="Oskar-Morgenstern-Platz 1"/>
              <appointment date="16-Apr-2015" start="1230" end="1445" duration_min="135" room="PC-Seminarraum 2" zip="1090" city="Wien" roomnumber="U1.608" street="Oskar-Morgenstern-Platz 1"/>
              <appointment date="23-Apr-2015" start="1230" end="1445" duration_min="135" room="PC-Seminarraum 2" zip="1090" city="Wien" roomnumber="U1.608" street="Oskar-Morgenstern-Platz 1"/>
              <appointment date="30-Apr-2015" start="1230" end="1445" duration_min="135" room="PC-Seminarraum 2" zip="1090" city="Wien" roomnumber="U1.608" street="Oskar-Morgenstern-Platz 1"/>
              <appointment date="07-May-2015" start="1230" end="1445" duration_min="135" room="PC-Seminarraum 2" zip="1090" city="Wien" roomnumber="U1.608" street="Oskar-Morgenstern-Platz 1"/>
              <appointment date="21-May-2015" start="1230" end="1445" duration_min="135" room="PC-Seminarraum 2" zip="1090" city="Wien" roomnumber="U1.608" street="Oskar-Morgenstern-Platz 1"/>
              <appointment date="28-May-2015" start="1230" end="1445" duration_min="135" room="PC-Seminarraum 2" zip="1090" city="Wien" roomnumber="U1.608" street="Oskar-Morgenstern-Platz 1"/>
              <appointment date="11-Jun-2015" start="1230" end="1445" duration_min="135" room="PC-Seminarraum 2" zip="1090" city="Wien" roomnumber="U1.608" street="Oskar-Morgenstern-Platz 1"/>
              <appointment date="18-Jun-2015" start="1230" end="1445" duration_min="135" room="PC-Seminarraum 2" zip="1090" city="Wien" roomnumber="U1.608" street="Oskar-Morgenstern-Platz 1"/>
              <appointment date="25-Jun-2015" start="1230" end="1445" duration_min="135" room="PC-Seminarraum 2" zip="1090" city="Wien" roomnumber="U1.608" street="Oskar-Morgenstern-Platz 1"/>
              <courselanguage>Deutsch</courselanguage>
              <lecturer givenname="Erhard" name="Reschenhofer" email="erhard.reschenhofer@univie.ac.at" role="V - Verantwortlicher Leiter"/>
            </group>
          </course>
          <course id="050043" name="Kontinuierliche Optimierung" title="Kontinuierliche Optimierung" type="VU" groupcount="1" continousassessment="Yes" ects="3,0" weekhours="N/A" responsible_unit="Studienprogrammleitung Informatik und&#10;&#9;&#9;&#9;&#9;&#9;&#9;Wirtschaftsinformatik">
            <group appointmentcount="12" signlanguage="No" livestream="No" learningplatform="" learningplatformurl="N/A" block="No" duration_min_sum="1080">
              <appointment date="05-Mar-2015" start="1500" end="1630" duration_min="90" room="Seminarraum 7" zip="1090" city="Wien" roomnumber="1.23" street="Währinger Straße 29"/>
              <appointment date="19-Mar-2015" start="1500" end="1630" duration_min="90" room="Seminarraum 7" zip="1090" city="Wien" roomnumber="1.23" street="Währinger Straße 29"/>
              <appointment date="26-Mar-2015" start="1500" end="1630" duration_min="90" room="Seminarraum 7" zip="1090" city="Wien" roomnumber="1.23" street="Währinger Straße 29"/>
              <appointment date="16-Apr-2015" start="1500" end="1630" duration_min="90" room="Seminarraum 7" zip="1090" city="Wien" roomnumber="1.23" street="Währinger Straße 29"/>
              <appointment date="23-Apr-2015" start="1500" end="1630" duration_min="90" room="Seminarraum 7" zip="1090" city="Wien" roomnumber="1.23" street="Währinger Straße 29"/>
              <appointment date="30-Apr-2015" start="1500" end="1630" duration_min="90" room="Seminarraum 7" zip="1090" city="Wien" roomnumber="1.23" street="Währinger Straße 29"/>
              <appointment date="07-May-2015" start="1500" end="1630" duration_min="90" room="Seminarraum 7" zip="1090" city="Wien" roomnumber="1.23" street="Währinger Straße 29"/>
              <appointment date="21-May-2015" start="1500" end="1630" duration_min="90" room="Seminarraum 7" zip="1090" city="Wien" roomnumber="1.23" street="Währinger Straße 29"/>
              <appointment date="28-May-2015" start="1500" end="1630" duration_min="90" room="Seminarraum 7" zip="1090" city="Wien" roomnumber="1.23" street="Währinger Straße 29"/>
              <appointment date="11-Jun-2015" start="1500" end="1630" duration_min="90" room="Seminarraum 7" zip="1090" city="Wien" roomnumber="1.23" street="Währinger Straße 29"/>
              <appointment date="18-Jun-2015" start="1500" end="1630" duration_min="90" room="Seminarraum 7" zip="1090" city="Wien" roomnumber="1.23" street="Währinger Straße 29"/>
              <appointment date="25-Jun-2015" start="1500" end="1630" duration_min="90" room="Seminarraum 7" zip="1090" city="Wien" roomnumber="1.23" street="Währinger Straße 29"/>
              <courselanguage>Englisch</courselanguage>
              <lecturer givenname="Leonidas" name="Mindrinos" email="leonidas.mindrinos@univie.ac.at" role="V - Verantwortlicher Leiter"/>
            </group>
          </course>
        </sub-category>
        <sub-category name="Modul BW2 Ausgewählte Bereiche der BWL (6 ECTS)" id="509_8" parentID="509_6">
          <course id="050074" name="Innovationsmanagement" title="Innovationsmanagement" type="VU" groupcount="1" continousassessment="Yes" ects="6,0" weekhours="N/A" responsible_unit="Studienprogrammleitung Informatik und&#10;&#9;&#9;&#9;&#9;&#9;&#9;Wirtschaftsinformatik">
            <group appointmentcount="11" signlanguage="No" livestream="No" learningplatform="MOODLE" learningplatformurl="N/A" block="No" duration_min_sum="2145">
              <appointment date="06-Mar-2015" start="1315" end="1630" duration_min="195" room="Seminarraum 7" zip="1090" city="Wien" roomnumber="1.23" street="Währinger Straße 29"/>
              <appointment date="17-Apr-2015" start="1315" end="1630" duration_min="195" room="Seminarraum 7" zip="1090" city="Wien" roomnumber="1.23" street="Währinger Straße 29"/>
              <appointment date="24-Apr-2015" start="1315" end="1630" duration_min="195" room="Seminarraum 7" zip="1090" city="Wien" roomnumber="1.23" street="Währinger Straße 29"/>
              <appointment date="08-May-2015" start="1315" end="1630" duration_min="195" room="Seminarraum 7" zip="1090" city="Wien" roomnumber="1.23" street="Währinger Straße 29"/>
              <appointment date="15-May-2015" start="1315" end="1630" duration_min="195" room="Seminarraum 7" zip="1090" city="Wien" roomnumber="1.23" street="Währinger Straße 29"/>
              <appointment date="22-May-2015" start="1315" end="1630" duration_min="195" room="Seminarraum 7" zip="1090" city="Wien" roomnumber="1.23" street="Währinger Straße 29"/>
              <appointment date="29-May-2015" start="1315" end="1630" duration_min="195" room="Seminarraum 7" zip="1090" city="Wien" roomnumber="1.23" street="Währinger Straße 29"/>
              <appointment date="05-Jun-2015" start="1315" end="1630" duration_min="195" room="Seminarraum 7" zip="1090" city="Wien" roomnumber="1.23" street="Währinger Straße 29"/>
              <appointment date="12-Jun-2015" start="1315" end="1630" duration_min="195" room="Seminarraum 7" zip="1090" city="Wien" roomnumber="1.23" street="Währinger Straße 29"/>
              <appointment date="19-Jun-2015" start="1315" end="1630" duration_min="195" room="Seminarraum 7" zip="1090" city="Wien" roomnumber="1.23" street="Währinger Straße 29"/>
              <appointment date="26-Jun-2015" start="1315" end="1630" duration_min="195" room="Seminarraum 7" zip="1090" city="Wien" roomnumber="1.23" street="Währinger Straße 29"/>
              <courselanguage>Deutsch</courselanguage>
              <lecturer givenname="Elmar" name="Kiesling" email="elmar.kiesling@univie.ac.at" role="V - Verantwortlicher Leiter"/>
            </group>
          </course>
        </sub-category>
        <sub-category name="Modul BW3 Wirtschaftsrecht (6 ECTS)" id="509_9" parentID="509_6">
          <course id="040110" name="RdW: Patent-, Marken-, Muster- und Ausstattungsrecht" title="RdW: Patent-, Marken-, Muster- und Ausstattungsrecht" type="VK" groupcount="1" continousassessment="Yes" ects="2,0" weekhours="N/A" responsible_unit="Studienprogrammleitung Wirtschaftswissenschaften&#10;&#9;&#9;&#9;&#9;&#9;">
            <group appointmentcount="6" signlanguage="No" livestream="No" learningplatform="" learningplatformurl="N/A" block="NA" duration_min_sum="750">
              <appointment date="13-Apr-2015" start="1645" end="2000" duration_min="195" room="Hörsaal 10" zip="1090" city="Wien" roomnumber="02.503" street="Oskar-Morgenstern-Platz 1"/>
              <appointment date="14-Apr-2015" start="1645" end="1815" duration_min="90" room="Hörsaal 17" zip="1090" city="Wien" roomnumber="02.314" street="Oskar-Morgenstern-Platz 1"/>
              <appointment date="20-Apr-2015" start="1645" end="2000" duration_min="195" room="Hörsaal 10" zip="1090" city="Wien" roomnumber="02.503" street="Oskar-Morgenstern-Platz 1"/>
              <appointment date="21-Apr-2015" start="1645" end="1815" duration_min="90" room="Hörsaal 17" zip="1090" city="Wien" roomnumber="02.314" street="Oskar-Morgenstern-Platz 1"/>
              <appointment date="27-Apr-2015" start="1830" end="2000" duration_min="90" room="Hörsaal 4" zip="1090" city="Wien" roomnumber="EG.623" street="Oskar-Morgenstern-Platz 1"/>
              <appointment date="11-May-2015" start="1830" end="2000" duration_min="90" room="Hörsaal 6" zip="1090" city="Wien" roomnumber="01.634" street="Oskar-Morgenstern-Platz 1"/>
              <courselanguage>Deutsch</courselanguage>
              <lecturer givenname="Florian" name="Gratzl" email="florian.gratzl@univie.ac.at" role="V - Verantwortlicher Leiter"/>
            </group>
          </course>
          <course id="040284" name="RdW: Rechtsfragen des E-Commerce" title="RdW: Rechtsfragen des E-Commerce" type="VK" groupcount="1" continousassessment="Yes" ects="4,0" weekhours="N/A" responsible_unit="Studienprogrammleitung Wirtschaftswissenschaften&#10;&#9;&#9;&#9;&#9;&#9;">
            <group appointmentcount="8" signlanguage="No" livestream="No" learningplatform="MOODLE" learningplatformurl="N/A" block="NA" duration_min_sum="1560">
              <appointment date="06-Mar-2015" start="800" end="1300" duration_min="300" room="Hörsaal 16" zip="1090" city="Wien" roomnumber="02.308" street="Oskar-Morgenstern-Platz 1"/>
              <appointment date="13-Mar-2015" start="800" end="1300" duration_min="300" room="Hörsaal 16" zip="1090" city="Wien" roomnumber="02.308" street="Oskar-Morgenstern-Platz 1"/>
              <appointment date="17-Apr-2015" start="800" end="1300" duration_min="300" room="Hörsaal 16" zip="1090" city="Wien" roomnumber="02.308" street="Oskar-Morgenstern-Platz 1"/>
              <appointment date="24-Apr-2015" start="800" end="1300" duration_min="300" room="Hörsaal 16" zip="1090" city="Wien" roomnumber="02.308" street="Oskar-Morgenstern-Platz 1"/>
              <appointment date="08-May-2015" start="800" end="930" duration_min="90" room="Hörsaal 16" zip="1090" city="Wien" roomnumber="02.308" street="Oskar-Morgenstern-Platz 1"/>
              <appointment date="12-Jun-2015" start="800" end="930" duration_min="90" room="Hörsaal 16" zip="1090" city="Wien" roomnumber="02.308" street="Oskar-Morgenstern-Platz 1"/>
              <appointment date="22-May-2015" start="800" end="930" duration_min="90" room="Hörsaal 4" zip="1090" city="Wien" roomnumber="EG.623" street="Oskar-Morgenstern-Platz 1"/>
              <appointment date="08-May-2015" start="945" end="1115" duration_min="90" room="Hörsaal 6" zip="1090" city="Wien" roomnumber="01.634" street="Oskar-Morgenstern-Platz 1"/>
              <courselanguage>Deutsch</courselanguage>
              <lecturer givenname="Walter" name="Blocher" email="walter.blocher@univie.ac.at" role="V - Verantwortlicher Leiter"/>
            </group>
          </course>
        </sub-category>
      </category>
      <category name="C. Wirtschaftsinformatik (36 ECTS)" id="509_10" parentID="509_2 ">
        <sub-category name="Modul WI1 Business Process Management und Workflow Technologies (6 ECTS)" id="509_11" parentID="509_10"/>
        <sub-category name="Modul WI2 Knowledge Engineering (6 ECTS)" id="509_12" parentID="509_10">
          <course id="050011" name="Logische Grundlagen des Knowledge Engineering" title="Logische Grundlagen des Knowledge Engineering" type="VU" groupcount="2" continousassessment="Yes" ects="3,0" weekhours="N/A" responsible_unit="Studienprogrammleitung Informatik und&#10;&#9;&#9;&#9;&#9;&#9;&#9;Wirtschaftsinformatik">
            <group appointmentcount="17" signlanguage="No" livestream="No" learningplatform="MOODLE" learningplatformurl="N/A" block="No" duration_min_sum="1530">
              <appointment date="02-Mar-2015" start="1830" end="2000" duration_min="90" room="PC-Unterrichtsraum 5" zip="1090" city="Wien" roomnumber="2.25" street="Währinger Straße 29"/>
              <appointment date="09-Mar-2015" start="1830" end="2000" duration_min="90" room="PC-Unterrichtsraum 5" zip="1090" city="Wien" roomnumber="2.25" street="Währinger Straße 29"/>
              <appointment date="16-Mar-2015" start="1830" end="2000" duration_min="90" room="PC-Unterrichtsraum 5" zip="1090" city="Wien" roomnumber="2.25" street="Währinger Straße 29"/>
              <appointment date="23-Mar-2015" start="1830" end="2000" duration_min="90" room="PC-Unterrichtsraum 5" zip="1090" city="Wien" roomnumber="2.25" street="Währinger Straße 29"/>
              <appointment date="13-Apr-2015" start="1830" end="2000" duration_min="90" room="PC-Unterrichtsraum 5" zip="1090" city="Wien" roomnumber="2.25" street="Währinger Straße 29"/>
              <appointment date="20-Apr-2015" start="1830" end="2000" duration_min="90" room="PC-Unterrichtsraum 5" zip="1090" city="Wien" roomnumber="2.25" street="Währinger Straße 29"/>
              <appointment date="27-Apr-2015" start="1830" end="2000" duration_min="90" room="PC-Unterrichtsraum 5" zip="1090" city="Wien" roomnumber="2.25" street="Währinger Straße 29"/>
              <appointment date="04-May-2015" start="1830" end="2000" duration_min="90" room="PC-Unterrichtsraum 5" zip="1090" city="Wien" roomnumber="2.25" street="Währinger Straße 29"/>
              <appointment date="11-May-2015" start="1830" end="2000" duration_min="90" room="PC-Unterrichtsraum 5" zip="1090" city="Wien" roomnumber="2.25" street="Währinger Straße 29"/>
              <appointment date="18-May-2015" start="1830" end="2000" duration_min="90" room="PC-Unterrichtsraum 5" zip="1090" city="Wien" roomnumber="2.25" street="Währinger Straße 29"/>
              <appointment date="01-Jun-2015" start="1830" end="2000" duration_min="90" room="PC-Unterrichtsraum 5" zip="1090" city="Wien" roomnumber="2.25" street="Währinger Straße 29"/>
              <appointment date="08-Jun-2015" start="1830" end="2000" duration_min="90" room="PC-Unterrichtsraum 5" zip="1090" city="Wien" roomnumber="2.25" street="Währinger Straße 29"/>
              <appointment date="15-Jun-2015" start="1830" end="2000" duration_min="90" room="PC-Unterrichtsraum 5" zip="1090" city="Wien" roomnumber="2.25" street="Währinger Straße 29"/>
              <appointment date="22-Jun-2015" start="1830" end="2000" duration_min="90" room="PC-Unterrichtsraum 5" zip="1090" city="Wien" roomnumber="2.25" street="Währinger Straße 29"/>
              <appointment date="29-Jun-2015" start="1830" end="2000" duration_min="90" room="PC-Unterrichtsraum 5" zip="1090" city="Wien" roomnumber="2.25" street="Währinger Straße 29"/>
              <appointment date="29-Jun-2015" start="1500" end="1630" duration_min="90" room="Hörsaal 1" zip="1090" city="Wien" roomnumber="U1.32" street="Währinger Straße 29"/>
              <appointment date="11-May-2015" start="1130" end="1300" duration_min="90" room="Hörsaal 1" zip="1090" city="Wien" roomnumber="U1.32" street="Währinger Straße 29"/>
              <courselanguage>Deutsch</courselanguage>
              <lecturer givenname="Hans-Georg" name="Fill" email="hans-georg.fill@univie.ac.at" role="V - Verantwortlicher Leiter"/>
              <lecturer givenname="Niksa" name="Visic" email="niksa.visic@univie.ac.at" role="P - Mitanbieter"/>
            </group>
            <group appointmentcount="16" signlanguage="No" livestream="No" learningplatform="MOODLE" learningplatformurl="N/A" block="No" duration_min_sum="1440">
              <appointment date="19-Mar-2015" start="1315" end="1445" duration_min="90" room="PC-Unterrichtsraum 4" zip="1090" city="Wien" roomnumber="1.16" street="Währinger Straße 29"/>
              <appointment date="26-Mar-2015" start="1315" end="1445" duration_min="90" room="PC-Unterrichtsraum 4" zip="1090" city="Wien" roomnumber="1.16" street="Währinger Straße 29"/>
              <appointment date="16-Apr-2015" start="1315" end="1445" duration_min="90" room="PC-Unterrichtsraum 4" zip="1090" city="Wien" roomnumber="1.16" street="Währinger Straße 29"/>
              <appointment date="23-Apr-2015" start="1315" end="1445" duration_min="90" room="PC-Unterrichtsraum 4" zip="1090" city="Wien" roomnumber="1.16" street="Währinger Straße 29"/>
              <appointment date="30-Apr-2015" start="1315" end="1445" duration_min="90" room="PC-Unterrichtsraum 4" zip="1090" city="Wien" roomnumber="1.16" street="Währinger Straße 29"/>
              <appointment date="07-May-2015" start="1315" end="1445" duration_min="90" room="PC-Unterrichtsraum 4" zip="1090" city="Wien" roomnumber="1.16" street="Währinger Straße 29"/>
              <appointment date="21-May-2015" start="1315" end="1445" duration_min="90" room="PC-Unterrichtsraum 4" zip="1090" city="Wien" roomnumber="1.16" street="Währinger Straße 29"/>
              <appointment date="28-May-2015" start="1315" end="1445" duration_min="90" room="PC-Unterrichtsraum 4" zip="1090" city="Wien" roomnumber="1.16" street="Währinger Straße 29"/>
              <appointment date="11-Jun-2015" start="1315" end="1445" duration_min="90" room="PC-Unterrichtsraum 4" zip="1090" city="Wien" roomnumber="1.16" street="Währinger Straße 29"/>
              <appointment date="18-Jun-2015" start="1315" end="1445" duration_min="90" room="PC-Unterrichtsraum 4" zip="1090" city="Wien" roomnumber="1.16" street="Währinger Straße 29"/>
              <appointment date="25-Jun-2015" start="1315" end="1445" duration_min="90" room="PC-Unterrichtsraum 4" zip="1090" city="Wien" roomnumber="1.16" street="Währinger Straße 29"/>
              <appointment date="19-Mar-2015" start="1500" end="1630" duration_min="90" room="PC-Unterrichtsraum 4" zip="1090" city="Wien" roomnumber="1.16" street="Währinger Straße 29"/>
              <appointment date="02-Mar-2015" start="1830" end="2000" duration_min="90" room="PC-Unterrichtsraum 5" zip="1090" city="Wien" roomnumber="2.25" street="Währinger Straße 29"/>
              <appointment date="11-Jun-2015" start="1500" end="1630" duration_min="90" room="PC-Unterrichtsraum 5" zip="1090" city="Wien" roomnumber="2.25" street="Währinger Straße 29"/>
              <appointment date="29-Jun-2015" start="1500" end="1630" duration_min="90" room="Hörsaal 1" zip="1090" city="Wien" roomnumber="U1.32" street="Währinger Straße 29"/>
              <appointment date="11-May-2015" start="1130" end="1300" duration_min="90" room="Hörsaal 1" zip="1090" city="Wien" roomnumber="U1.32" street="Währinger Straße 29"/>
              <courselanguage>Deutsch</courselanguage>
              <lecturer givenname="Hans-Georg" name="Fill" email="hans-georg.fill@univie.ac.at" role="V - Verantwortlicher Leiter"/>
              <lecturer givenname="Michael" name="Walch" email="michael.walch@univie.ac.at" role="P - Mitanbieter"/>
            </group>
          </course>
        </sub-category>
        <sub-category name="Modul WI3 E-Business (6 ECTS)" id="509_13" parentID="509_10"/>
        <sub-category name="Modul WI4 Kooperative Systeme und Secure E-commerce (6 ECTS)" id="509_14" parentID="509_10">
          <course id="050052" name="Kooperative Systeme" title="Kooperative Systeme" type="VU" groupcount="2" continousassessment="Yes" ects="3,0" weekhours="N/A" responsible_unit="Studienprogrammleitung Informatik und&#10;&#9;&#9;&#9;&#9;&#9;&#9;Wirtschaftsinformatik">
            <group appointmentcount="18" signlanguage="No" livestream="No" learningplatform="MOODLE" learningplatformurl="N/A" block="No" duration_min_sum="2775">
              <appointment date="03-Mar-2015" start="1315" end="1630" duration_min="195" room="PC-Unterrichtsraum 2" zip="1090" city="Wien" roomnumber="1.14" street="Währinger Straße 29"/>
              <appointment date="17-Mar-2015" start="1315" end="1445" duration_min="90" room="PC-Unterrichtsraum 2" zip="1090" city="Wien" roomnumber="1.14" street="Währinger Straße 29"/>
              <appointment date="14-Apr-2015" start="1315" end="1445" duration_min="90" room="PC-Unterrichtsraum 2" zip="1090" city="Wien" roomnumber="1.14" street="Währinger Straße 29"/>
              <appointment date="21-Apr-2015" start="1315" end="1445" duration_min="90" room="PC-Unterrichtsraum 2" zip="1090" city="Wien" roomnumber="1.14" street="Währinger Straße 29"/>
              <appointment date="28-Apr-2015" start="1315" end="1445" duration_min="90" room="PC-Unterrichtsraum 2" zip="1090" city="Wien" roomnumber="1.14" street="Währinger Straße 29"/>
              <appointment date="23-Jun-2015" start="1315" end="1630" duration_min="195" room="PC-Unterrichtsraum 2" zip="1090" city="Wien" roomnumber="1.14" street="Währinger Straße 29"/>
              <appointment date="30-Jun-2015" start="1315" end="1630" duration_min="195" room="PC-Unterrichtsraum 2" zip="1090" city="Wien" roomnumber="1.14" street="Währinger Straße 29"/>
              <appointment date="03-Mar-2015" start="1645" end="2000" duration_min="195" room="Hörsaal 2" zip="1090" city="Wien" roomnumber="2.01" street="Währinger Straße 29"/>
              <appointment date="10-Mar-2015" start="1645" end="2000" duration_min="195" room="Hörsaal 2" zip="1090" city="Wien" roomnumber="2.01" street="Währinger Straße 29"/>
              <appointment date="17-Mar-2015" start="1645" end="2000" duration_min="195" room="Hörsaal 2" zip="1090" city="Wien" roomnumber="2.01" street="Währinger Straße 29"/>
              <appointment date="24-Mar-2015" start="1645" end="2000" duration_min="195" room="Hörsaal 2" zip="1090" city="Wien" roomnumber="2.01" street="Währinger Straße 29"/>
              <appointment date="21-Apr-2015" start="1645" end="2000" duration_min="195" room="Hörsaal 2" zip="1090" city="Wien" roomnumber="2.01" street="Währinger Straße 29"/>
              <appointment date="28-Apr-2015" start="1645" end="2000" duration_min="195" room="Hörsaal 2" zip="1090" city="Wien" roomnumber="2.01" street="Währinger Straße 29"/>
              <appointment date="23-Jun-2015" start="1645" end="2000" duration_min="195" room="Hörsaal 2" zip="1090" city="Wien" roomnumber="2.01" street="Währinger Straße 29"/>
              <appointment date="12-May-2015" start="1645" end="1815" duration_min="90" room="Hörsaal 2" zip="1090" city="Wien" roomnumber="2.01" street="Währinger Straße 29"/>
              <appointment date="12-May-2015" start="1830" end="2000" duration_min="90" room="Hörsaal 2" zip="1090" city="Wien" roomnumber="2.01" street="Währinger Straße 29"/>
              <appointment date="12-May-2015" start="1645" end="1815" duration_min="90" room="Seminarraum 7" zip="1090" city="Wien" roomnumber="1.23" street="Währinger Straße 29"/>
              <appointment date="05-May-2015" start="1645" end="2000" duration_min="195" room="Hörsaal 7" zip="1090" city="Wien" roomnumber="01.303" street="Oskar-Morgenstern-Platz 1"/>
              <courselanguage>Deutsch</courselanguage>
              <lecturer givenname="Gerald" name="Quirchmayr" email="gerald.quirchmayr@univie.ac.at" role="V - Verantwortlicher Leiter"/>
              <lecturer givenname="Peter" name="Reichl" email="peter.reichl@univie.ac.at" role="P - Mitanbieter"/>
            </group>
            <group appointmentcount="17" signlanguage="No" livestream="No" learningplatform="MOODLE" learningplatformurl="N/A" block="No" duration_min_sum="2580">
              <appointment date="03-Mar-2015" start="1645" end="2000" duration_min="195" room="Hörsaal 2" zip="1090" city="Wien" roomnumber="2.01" street="Währinger Straße 29"/>
              <appointment date="10-Mar-2015" start="1645" end="2000" duration_min="195" room="Hörsaal 2" zip="1090" city="Wien" roomnumber="2.01" street="Währinger Straße 29"/>
              <appointment date="17-Mar-2015" start="1645" end="2000" duration_min="195" room="Hörsaal 2" zip="1090" city="Wien" roomnumber="2.01" street="Währinger Straße 29"/>
              <appointment date="24-Mar-2015" start="1645" end="2000" duration_min="195" room="Hörsaal 2" zip="1090" city="Wien" roomnumber="2.01" street="Währinger Straße 29"/>
              <appointment date="21-Apr-2015" start="1645" end="2000" duration_min="195" room="Hörsaal 2" zip="1090" city="Wien" roomnumber="2.01" street="Währinger Straße 29"/>
              <appointment date="28-Apr-2015" start="1645" end="2000" duration_min="195" room="Hörsaal 2" zip="1090" city="Wien" roomnumber="2.01" street="Währinger Straße 29"/>
              <appointment date="23-Jun-2015" start="1645" end="2000" duration_min="195" room="Hörsaal 2" zip="1090" city="Wien" roomnumber="2.01" street="Währinger Straße 29"/>
              <appointment date="30-Jun-2015" start="1645" end="2000" duration_min="195" room="Hörsaal 2" zip="1090" city="Wien" roomnumber="2.01" street="Währinger Straße 29"/>
              <appointment date="17-Mar-2015" start="1500" end="1630" duration_min="90" room="PC-Unterrichtsraum 2" zip="1090" city="Wien" roomnumber="1.14" street="Währinger Straße 29"/>
              <appointment date="14-Apr-2015" start="1500" end="1630" duration_min="90" room="PC-Unterrichtsraum 2" zip="1090" city="Wien" roomnumber="1.14" street="Währinger Straße 29"/>
              <appointment date="21-Apr-2015" start="1500" end="1630" duration_min="90" room="PC-Unterrichtsraum 2" zip="1090" city="Wien" roomnumber="1.14" street="Währinger Straße 29"/>
              <appointment date="28-Apr-2015" start="1500" end="1630" duration_min="90" room="PC-Unterrichtsraum 2" zip="1090" city="Wien" roomnumber="1.14" street="Währinger Straße 29"/>
              <appointment date="23-Jun-2015" start="1315" end="1630" duration_min="195" room="PC-Unterrichtsraum 2" zip="1090" city="Wien" roomnumber="1.14" street="Währinger Straße 29"/>
              <appointment date="12-May-2015" start="1645" end="1815" duration_min="90" room="Hörsaal 2" zip="1090" city="Wien" roomnumber="2.01" street="Währinger Straße 29"/>
              <appointment date="12-May-2015" start="1830" end="2000" duration_min="90" room="Hörsaal 2" zip="1090" city="Wien" roomnumber="2.01" street="Währinger Straße 29"/>
              <appointment date="12-May-2015" start="1645" end="1815" duration_min="90" room="Seminarraum 7" zip="1090" city="Wien" roomnumber="1.23" street="Währinger Straße 29"/>
              <appointment date="05-May-2015" start="1645" end="2000" duration_min="195" room="Hörsaal 7" zip="1090" city="Wien" roomnumber="01.303" street="Oskar-Morgenstern-Platz 1"/>
              <courselanguage>Deutsch</courselanguage>
              <lecturer givenname="Peter" name="Reichl" email="peter.reichl@univie.ac.at" role="V - Verantwortlicher Leiter"/>
              <lecturer givenname="Gerald" name="Quirchmayr" email="gerald.quirchmayr@univie.ac.at" role="P - Mitanbieter"/>
            </group>
          </course>
          <course id="050069" name="Secure E-commerce" title="Secure E-commerce" type="VU" groupcount="2" continousassessment="Yes" ects="3,0" weekhours="N/A" responsible_unit="Studienprogrammleitung Informatik und&#10;&#9;&#9;&#9;&#9;&#9;&#9;Wirtschaftsinformatik">
            <group appointmentcount="15" signlanguage="No" livestream="No" learningplatform="" learningplatformurl="N/A" block="No" duration_min_sum="1350">
              <appointment date="03-Mar-2015" start="1130" end="1300" duration_min="90" room="Seminarraum 6" zip="1090" city="Wien" roomnumber="1.01" street="Währinger Straße 29"/>
              <appointment date="10-Mar-2015" start="1130" end="1300" duration_min="90" room="Seminarraum 6" zip="1090" city="Wien" roomnumber="1.01" street="Währinger Straße 29"/>
              <appointment date="17-Mar-2015" start="1130" end="1300" duration_min="90" room="Seminarraum 6" zip="1090" city="Wien" roomnumber="1.01" street="Währinger Straße 29"/>
              <appointment date="24-Mar-2015" start="1130" end="1300" duration_min="90" room="Seminarraum 6" zip="1090" city="Wien" roomnumber="1.01" street="Währinger Straße 29"/>
              <appointment date="14-Apr-2015" start="1130" end="1300" duration_min="90" room="Seminarraum 6" zip="1090" city="Wien" roomnumber="1.01" street="Währinger Straße 29"/>
              <appointment date="21-Apr-2015" start="1130" end="1300" duration_min="90" room="Seminarraum 6" zip="1090" city="Wien" roomnumber="1.01" street="Währinger Straße 29"/>
              <appointment date="28-Apr-2015" start="1130" end="1300" duration_min="90" room="Seminarraum 6" zip="1090" city="Wien" roomnumber="1.01" street="Währinger Straße 29"/>
              <appointment date="05-May-2015" start="1130" end="1300" duration_min="90" room="Seminarraum 6" zip="1090" city="Wien" roomnumber="1.01" street="Währinger Straße 29"/>
              <appointment date="12-May-2015" start="1130" end="1300" duration_min="90" room="Seminarraum 6" zip="1090" city="Wien" roomnumber="1.01" street="Währinger Straße 29"/>
              <appointment date="19-May-2015" start="1130" end="1300" duration_min="90" room="Seminarraum 6" zip="1090" city="Wien" roomnumber="1.01" street="Währinger Straße 29"/>
              <appointment date="02-Jun-2015" start="1130" end="1300" duration_min="90" room="Seminarraum 6" zip="1090" city="Wien" roomnumber="1.01" street="Währinger Straße 29"/>
              <appointment date="09-Jun-2015" start="1130" end="1300" duration_min="90" room="Seminarraum 6" zip="1090" city="Wien" roomnumber="1.01" street="Währinger Straße 29"/>
              <appointment date="16-Jun-2015" start="1130" end="1300" duration_min="90" room="Seminarraum 6" zip="1090" city="Wien" roomnumber="1.01" street="Währinger Straße 29"/>
              <appointment date="23-Jun-2015" start="1130" end="1300" duration_min="90" room="Seminarraum 6" zip="1090" city="Wien" roomnumber="1.01" street="Währinger Straße 29"/>
              <appointment date="30-Jun-2015" start="1130" end="1300" duration_min="90" room="Seminarraum 6" zip="1090" city="Wien" roomnumber="1.01" street="Währinger Straße 29"/>
              <courselanguage>Deutsch</courselanguage>
              <lecturer givenname="Gerald" name="Quirchmayr" email="gerald.quirchmayr@univie.ac.at" role="V - Verantwortlicher Leiter"/>
            </group>
            <group appointmentcount="15" signlanguage="No" livestream="No" learningplatform="" learningplatformurl="N/A" block="No" duration_min_sum="1350">
              <appointment date="03-Mar-2015" start="945" end="1115" duration_min="90" room="Seminarraum 7" zip="1090" city="Wien" roomnumber="1.23" street="Währinger Straße 29"/>
              <appointment date="10-Mar-2015" start="945" end="1115" duration_min="90" room="Seminarraum 7" zip="1090" city="Wien" roomnumber="1.23" street="Währinger Straße 29"/>
              <appointment date="17-Mar-2015" start="945" end="1115" duration_min="90" room="Seminarraum 7" zip="1090" city="Wien" roomnumber="1.23" street="Währinger Straße 29"/>
              <appointment date="24-Mar-2015" start="945" end="1115" duration_min="90" room="Seminarraum 7" zip="1090" city="Wien" roomnumber="1.23" street="Währinger Straße 29"/>
              <appointment date="14-Apr-2015" start="945" end="1115" duration_min="90" room="Seminarraum 7" zip="1090" city="Wien" roomnumber="1.23" street="Währinger Straße 29"/>
              <appointment date="21-Apr-2015" start="945" end="1115" duration_min="90" room="Seminarraum 7" zip="1090" city="Wien" roomnumber="1.23" street="Währinger Straße 29"/>
              <appointment date="28-Apr-2015" start="945" end="1115" duration_min="90" room="Seminarraum 7" zip="1090" city="Wien" roomnumber="1.23" street="Währinger Straße 29"/>
              <appointment date="05-May-2015" start="945" end="1115" duration_min="90" room="Seminarraum 7" zip="1090" city="Wien" roomnumber="1.23" street="Währinger Straße 29"/>
              <appointment date="12-May-2015" start="945" end="1115" duration_min="90" room="Seminarraum 7" zip="1090" city="Wien" roomnumber="1.23" street="Währinger Straße 29"/>
              <appointment date="19-May-2015" start="945" end="1115" duration_min="90" room="Seminarraum 7" zip="1090" city="Wien" roomnumber="1.23" street="Währinger Straße 29"/>
              <appointment date="02-Jun-2015" start="945" end="1115" duration_min="90" room="Seminarraum 7" zip="1090" city="Wien" roomnumber="1.23" street="Währinger Straße 29"/>
              <appointment date="09-Jun-2015" start="945" end="1115" duration_min="90" room="Seminarraum 7" zip="1090" city="Wien" roomnumber="1.23" street="Währinger Straße 29"/>
              <appointment date="16-Jun-2015" start="945" end="1115" duration_min="90" room="Seminarraum 7" zip="1090" city="Wien" roomnumber="1.23" street="Währinger Straße 29"/>
              <appointment date="23-Jun-2015" start="945" end="1115" duration_min="90" room="Seminarraum 7" zip="1090" city="Wien" roomnumber="1.23" street="Währinger Straße 29"/>
              <appointment date="30-Jun-2015" start="945" end="1115" duration_min="90" room="Seminarraum 7" zip="1090" city="Wien" roomnumber="1.23" street="Währinger Straße 29"/>
              <courselanguage>Deutsch</courselanguage>
              <lecturer givenname="Gerald" name="Quirchmayr" email="gerald.quirchmayr@univie.ac.at" role="V - Verantwortlicher Leiter"/>
            </group>
          </course>
        </sub-category>
        <sub-category name="Modul AWI Advanced Topics in Wirtschaftsinformatik (12 ECTS)" id="509_15" parentID="509_10">
          <course id="050012" name="Interoperabilität" title="Interoperabilität" type="VU" groupcount="2" continousassessment="Yes" ects="6,0" weekhours="N/A" responsible_unit="Studienprogrammleitung Informatik und&#10;&#9;&#9;&#9;&#9;&#9;&#9;Wirtschaftsinformatik">
            <group appointmentcount="12" signlanguage="No" livestream="No" learningplatform="CEWEBS" learningplatformurl="N/A" block="No" duration_min_sum="2340">
              <appointment date="05-Mar-2015" start="945" end="1300" duration_min="195" room="Hörsaal 3" zip="1090" city="Wien" roomnumber="3.01" street="Währinger Straße 29"/>
              <appointment date="19-Mar-2015" start="945" end="1300" duration_min="195" room="Hörsaal 3" zip="1090" city="Wien" roomnumber="3.01" street="Währinger Straße 29"/>
              <appointment date="26-Mar-2015" start="945" end="1300" duration_min="195" room="Hörsaal 3" zip="1090" city="Wien" roomnumber="3.01" street="Währinger Straße 29"/>
              <appointment date="16-Apr-2015" start="945" end="1300" duration_min="195" room="Hörsaal 3" zip="1090" city="Wien" roomnumber="3.01" street="Währinger Straße 29"/>
              <appointment date="23-Apr-2015" start="945" end="1300" duration_min="195" room="Hörsaal 3" zip="1090" city="Wien" roomnumber="3.01" street="Währinger Straße 29"/>
              <appointment date="30-Apr-2015" start="945" end="1300" duration_min="195" room="Hörsaal 3" zip="1090" city="Wien" roomnumber="3.01" street="Währinger Straße 29"/>
              <appointment date="07-May-2015" start="945" end="1300" duration_min="195" room="Hörsaal 3" zip="1090" city="Wien" roomnumber="3.01" street="Währinger Straße 29"/>
              <appointment date="21-May-2015" start="945" end="1300" duration_min="195" room="Hörsaal 3" zip="1090" city="Wien" roomnumber="3.01" street="Währinger Straße 29"/>
              <appointment date="28-May-2015" start="945" end="1300" duration_min="195" room="Hörsaal 3" zip="1090" city="Wien" roomnumber="3.01" street="Währinger Straße 29"/>
              <appointment date="11-Jun-2015" start="945" end="1300" duration_min="195" room="Hörsaal 3" zip="1090" city="Wien" roomnumber="3.01" street="Währinger Straße 29"/>
              <appointment date="18-Jun-2015" start="945" end="1300" duration_min="195" room="Hörsaal 3" zip="1090" city="Wien" roomnumber="3.01" street="Währinger Straße 29"/>
              <appointment date="25-Jun-2015" start="945" end="1300" duration_min="195" room="Hörsaal 3" zip="1090" city="Wien" roomnumber="3.01" street="Währinger Straße 29"/>
              <courselanguage>Deutsch</courselanguage>
              <lecturer givenname="Stefanie" name="Rinderle-Ma" email="stefanie.rinderle-ma@univie.ac.at" role="V - Verantwortlicher Leiter"/>
              <lecturer givenname="Jürgen" name="Mangler" email="juergen.mangler@univie.ac.at" role="P - Mitanbieter"/>
            </group>
            <group appointmentcount="14" signlanguage="No" livestream="No" learningplatform="CEWEBS" learningplatformurl="N/A" block="No" duration_min_sum="1260">
              <appointment date="06-Mar-2015" start="1130" end="1300" duration_min="90" room="Hörsaal 3" zip="1090" city="Wien" roomnumber="3.01" street="Währinger Straße 29"/>
              <appointment date="13-Mar-2015" start="1130" end="1300" duration_min="90" room="Hörsaal 3" zip="1090" city="Wien" roomnumber="3.01" street="Währinger Straße 29"/>
              <appointment date="20-Mar-2015" start="1130" end="1300" duration_min="90" room="Hörsaal 3" zip="1090" city="Wien" roomnumber="3.01" street="Währinger Straße 29"/>
              <appointment date="27-Mar-2015" start="1130" end="1300" duration_min="90" room="Hörsaal 3" zip="1090" city="Wien" roomnumber="3.01" street="Währinger Straße 29"/>
              <appointment date="17-Apr-2015" start="1130" end="1300" duration_min="90" room="Hörsaal 3" zip="1090" city="Wien" roomnumber="3.01" street="Währinger Straße 29"/>
              <appointment date="24-Apr-2015" start="1130" end="1300" duration_min="90" room="Hörsaal 3" zip="1090" city="Wien" roomnumber="3.01" street="Währinger Straße 29"/>
              <appointment date="08-May-2015" start="1130" end="1300" duration_min="90" room="Hörsaal 3" zip="1090" city="Wien" roomnumber="3.01" street="Währinger Straße 29"/>
              <appointment date="15-May-2015" start="1130" end="1300" duration_min="90" room="Hörsaal 3" zip="1090" city="Wien" roomnumber="3.01" street="Währinger Straße 29"/>
              <appointment date="22-May-2015" start="1130" end="1300" duration_min="90" room="Hörsaal 3" zip="1090" city="Wien" roomnumber="3.01" street="Währinger Straße 29"/>
              <appointment date="29-May-2015" start="1130" end="1300" duration_min="90" room="Hörsaal 3" zip="1090" city="Wien" roomnumber="3.01" street="Währinger Straße 29"/>
              <appointment date="05-Jun-2015" start="1130" end="1300" duration_min="90" room="Hörsaal 3" zip="1090" city="Wien" roomnumber="3.01" street="Währinger Straße 29"/>
              <appointment date="12-Jun-2015" start="1130" end="1300" duration_min="90" room="Hörsaal 3" zip="1090" city="Wien" roomnumber="3.01" street="Währinger Straße 29"/>
              <appointment date="19-Jun-2015" start="1130" end="1300" duration_min="90" room="Hörsaal 3" zip="1090" city="Wien" roomnumber="3.01" street="Währinger Straße 29"/>
              <appointment date="26-Jun-2015" start="1130" end="1300" duration_min="90" room="Hörsaal 3" zip="1090" city="Wien" roomnumber="3.01" street="Währinger Straße 29"/>
              <courselanguage>Deutsch</courselanguage>
              <lecturer givenname="Stefanie" name="Rinderle-Ma" email="stefanie.rinderle-ma@univie.ac.at" role="V - Verantwortlicher Leiter"/>
              <lecturer givenname="Jürgen" name="Mangler" email="juergen.mangler@univie.ac.at" role="P - Mitanbieter"/>
            </group>
          </course>
          <course id="050076" name="Metamodellierung" title="Metamodellierung" type="VU" groupcount="2" continousassessment="Yes" ects="6,0" weekhours="N/A" responsible_unit="Studienprogrammleitung Informatik und&#10;&#9;&#9;&#9;&#9;&#9;&#9;Wirtschaftsinformatik">
            <group appointmentcount="15" signlanguage="No" livestream="No" learningplatform="MOODLE" learningplatformurl="N/A" block="No" duration_min_sum="2925">
              <appointment date="04-Mar-2015" start="1130" end="1445" duration_min="195" room="PC-Unterrichtsraum 4" zip="1090" city="Wien" roomnumber="1.16" street="Währinger Straße 29"/>
              <appointment date="11-Mar-2015" start="1130" end="1445" duration_min="195" room="PC-Unterrichtsraum 4" zip="1090" city="Wien" roomnumber="1.16" street="Währinger Straße 29"/>
              <appointment date="18-Mar-2015" start="1130" end="1445" duration_min="195" room="PC-Unterrichtsraum 4" zip="1090" city="Wien" roomnumber="1.16" street="Währinger Straße 29"/>
              <appointment date="25-Mar-2015" start="1130" end="1445" duration_min="195" room="PC-Unterrichtsraum 4" zip="1090" city="Wien" roomnumber="1.16" street="Währinger Straße 29"/>
              <appointment date="15-Apr-2015" start="1130" end="1445" duration_min="195" room="PC-Unterrichtsraum 4" zip="1090" city="Wien" roomnumber="1.16" street="Währinger Straße 29"/>
              <appointment date="22-Apr-2015" start="1130" end="1445" duration_min="195" room="PC-Unterrichtsraum 4" zip="1090" city="Wien" roomnumber="1.16" street="Währinger Straße 29"/>
              <appointment date="29-Apr-2015" start="1130" end="1445" duration_min="195" room="PC-Unterrichtsraum 4" zip="1090" city="Wien" roomnumber="1.16" street="Währinger Straße 29"/>
              <appointment date="06-May-2015" start="1130" end="1445" duration_min="195" room="PC-Unterrichtsraum 4" zip="1090" city="Wien" roomnumber="1.16" street="Währinger Straße 29"/>
              <appointment date="13-May-2015" start="1130" end="1445" duration_min="195" room="PC-Unterrichtsraum 4" zip="1090" city="Wien" roomnumber="1.16" street="Währinger Straße 29"/>
              <appointment date="20-May-2015" start="1130" end="1445" duration_min="195" room="PC-Unterrichtsraum 4" zip="1090" city="Wien" roomnumber="1.16" street="Währinger Straße 29"/>
              <appointment date="27-May-2015" start="1130" end="1445" duration_min="195" room="PC-Unterrichtsraum 4" zip="1090" city="Wien" roomnumber="1.16" street="Währinger Straße 29"/>
              <appointment date="03-Jun-2015" start="1130" end="1445" duration_min="195" room="PC-Unterrichtsraum 4" zip="1090" city="Wien" roomnumber="1.16" street="Währinger Straße 29"/>
              <appointment date="10-Jun-2015" start="1130" end="1445" duration_min="195" room="PC-Unterrichtsraum 4" zip="1090" city="Wien" roomnumber="1.16" street="Währinger Straße 29"/>
              <appointment date="17-Jun-2015" start="1130" end="1445" duration_min="195" room="PC-Unterrichtsraum 4" zip="1090" city="Wien" roomnumber="1.16" street="Währinger Straße 29"/>
              <appointment date="24-Jun-2015" start="1130" end="1445" duration_min="195" room="PC-Unterrichtsraum 4" zip="1090" city="Wien" roomnumber="1.16" street="Währinger Straße 29"/>
              <courselanguage>Deutsch</courselanguage>
              <lecturer givenname="Dimitris" name="Karagiannis" email="dimitris.karagiannis@univie.ac.at" role="V - Verantwortlicher Leiter"/>
              <lecturer givenname="Dominik" name="Bork" email="dominik.bork@univie.ac.at" role="P - Mitanbieter"/>
            </group>
            <group appointmentcount="15" signlanguage="No" livestream="No" learningplatform="MOODLE" learningplatformurl="N/A" block="No" duration_min_sum="2925">
              <appointment date="04-Mar-2015" start="1130" end="1445" duration_min="195" room="PC-Unterrichtsraum 2" zip="1090" city="Wien" roomnumber="1.14" street="Währinger Straße 29"/>
              <appointment date="11-Mar-2015" start="1130" end="1445" duration_min="195" room="PC-Unterrichtsraum 2" zip="1090" city="Wien" roomnumber="1.14" street="Währinger Straße 29"/>
              <appointment date="18-Mar-2015" start="1130" end="1445" duration_min="195" room="PC-Unterrichtsraum 2" zip="1090" city="Wien" roomnumber="1.14" street="Währinger Straße 29"/>
              <appointment date="25-Mar-2015" start="1130" end="1445" duration_min="195" room="PC-Unterrichtsraum 2" zip="1090" city="Wien" roomnumber="1.14" street="Währinger Straße 29"/>
              <appointment date="15-Apr-2015" start="1130" end="1445" duration_min="195" room="PC-Unterrichtsraum 2" zip="1090" city="Wien" roomnumber="1.14" street="Währinger Straße 29"/>
              <appointment date="22-Apr-2015" start="1130" end="1445" duration_min="195" room="PC-Unterrichtsraum 2" zip="1090" city="Wien" roomnumber="1.14" street="Währinger Straße 29"/>
              <appointment date="29-Apr-2015" start="1130" end="1445" duration_min="195" room="PC-Unterrichtsraum 2" zip="1090" city="Wien" roomnumber="1.14" street="Währinger Straße 29"/>
              <appointment date="06-May-2015" start="1130" end="1445" duration_min="195" room="PC-Unterrichtsraum 2" zip="1090" city="Wien" roomnumber="1.14" street="Währinger Straße 29"/>
              <appointment date="13-May-2015" start="1130" end="1445" duration_min="195" room="PC-Unterrichtsraum 2" zip="1090" city="Wien" roomnumber="1.14" street="Währinger Straße 29"/>
              <appointment date="20-May-2015" start="1130" end="1445" duration_min="195" room="PC-Unterrichtsraum 2" zip="1090" city="Wien" roomnumber="1.14" street="Währinger Straße 29"/>
              <appointment date="27-May-2015" start="1130" end="1445" duration_min="195" room="PC-Unterrichtsraum 2" zip="1090" city="Wien" roomnumber="1.14" street="Währinger Straße 29"/>
              <appointment date="03-Jun-2015" start="1130" end="1445" duration_min="195" room="PC-Unterrichtsraum 2" zip="1090" city="Wien" roomnumber="1.14" street="Währinger Straße 29"/>
              <appointment date="10-Jun-2015" start="1130" end="1445" duration_min="195" room="PC-Unterrichtsraum 2" zip="1090" city="Wien" roomnumber="1.14" street="Währinger Straße 29"/>
              <appointment date="17-Jun-2015" start="1130" end="1445" duration_min="195" room="PC-Unterrichtsraum 2" zip="1090" city="Wien" roomnumber="1.14" street="Währinger Straße 29"/>
              <appointment date="24-Jun-2015" start="1130" end="1445" duration_min="195" room="PC-Unterrichtsraum 2" zip="1090" city="Wien" roomnumber="1.14" street="Währinger Straße 29"/>
              <courselanguage>Deutsch</courselanguage>
              <lecturer givenname="Dimitris" name="Karagiannis" email="dimitris.karagiannis@univie.ac.at" role="V - Verantwortlicher Leiter"/>
              <lecturer givenname="Mehmet" name="Albayrak" email="mehmet.albayrak@univie.ac.at" role="P - Mitanbieter"/>
            </group>
          </course>
        </sub-category>
      </category>
    </module>
    <module name="2. Kernfachkombinationen (12 ECTS)" id="509_16" parentID="509_1">
      <category name="Kernfachkombination Semantische IS" id="509_17" parentID="509_16">
        <sub-category name="Modul SEM Semantische IS (12 ECTS)" id="509_18" parentID="509_17"/>
      </category>
      <category name="Kernfachkombination Large Scale IS" id="509_19" parentID="509_16">
        <sub-category name="Modul LAR Large Scale IS (12 ECTS)" id="509_20" parentID="509_19">
          <course id="050204" name="Praktikum aus Large Scale IS" title="Praktikum aus Large Scale IS" type="PR" groupcount="1" continousassessment="Yes" ects="6,0" weekhours="N/A" responsible_unit="Studienprogrammleitung Informatik und&#10;&#9;&#9;&#9;&#9;&#9;&#9;Wirtschaftsinformatik">
            <group appointmentcount="10" signlanguage="No" livestream="No" learningplatform="MOODLE" learningplatformurl="N/A" block="No" duration_min_sum="1950">
              <appointment date="17-Apr-2015" start="800" end="1115" duration_min="195" room="Seminarraum 6" zip="1090" city="Wien" roomnumber="1.01" street="Währinger Straße 29"/>
              <appointment date="24-Apr-2015" start="800" end="1115" duration_min="195" room="Seminarraum 6" zip="1090" city="Wien" roomnumber="1.01" street="Währinger Straße 29"/>
              <appointment date="08-May-2015" start="800" end="1115" duration_min="195" room="Seminarraum 6" zip="1090" city="Wien" roomnumber="1.01" street="Währinger Straße 29"/>
              <appointment date="15-May-2015" start="800" end="1115" duration_min="195" room="Seminarraum 6" zip="1090" city="Wien" roomnumber="1.01" street="Währinger Straße 29"/>
              <appointment date="22-May-2015" start="800" end="1115" duration_min="195" room="Seminarraum 6" zip="1090" city="Wien" roomnumber="1.01" street="Währinger Straße 29"/>
              <appointment date="29-May-2015" start="800" end="1115" duration_min="195" room="Seminarraum 6" zip="1090" city="Wien" roomnumber="1.01" street="Währinger Straße 29"/>
              <appointment date="05-Jun-2015" start="800" end="1115" duration_min="195" room="Seminarraum 6" zip="1090" city="Wien" roomnumber="1.01" street="Währinger Straße 29"/>
              <appointment date="12-Jun-2015" start="800" end="1115" duration_min="195" room="Seminarraum 6" zip="1090" city="Wien" roomnumber="1.01" street="Währinger Straße 29"/>
              <appointment date="19-Jun-2015" start="800" end="1115" duration_min="195" room="Seminarraum 6" zip="1090" city="Wien" roomnumber="1.01" street="Währinger Straße 29"/>
              <appointment date="26-Jun-2015" start="800" end="1115" duration_min="195" room="Seminarraum 6" zip="1090" city="Wien" roomnumber="1.01" street="Währinger Straße 29"/>
              <courselanguage>Deutsch</courselanguage>
              <lecturer givenname="Hans-Georg" name="Fill" email="hans-georg.fill@univie.ac.at" role="V - Verantwortlicher Leiter"/>
            </group>
          </course>
        </sub-category>
      </category>
      <category name="Kernfachkombination Business Intelligence" id="509_21" parentID="509_16">
        <sub-category name="Modul BUS Business Intelligence (12 ECTS)" id="509_22" parentID="509_21">
          <course id="050138" name="Business Intelligence II" title="Business Intelligence II" type="PR" groupcount="1" continousassessment="Yes" ects="6,0" weekhours="N/A" responsible_unit="Studienprogrammleitung Informatik und&#10;&#9;&#9;&#9;&#9;&#9;&#9;Wirtschaftsinformatik">
            <group appointmentcount="1" signlanguage="No" livestream="No" learningplatform="CEWEBS" learningplatformurl="N/A" block="No" duration_min_sum="180">
              <appointment date="04-Mar-2015" start="800" end="1100" duration_min="180" room="Hörsaal 3" zip="1090" city="Wien" roomnumber="3.01" street="Währinger Straße 29"/>
              <courselanguage>Deutsch</courselanguage>
              <lecturer givenname="Stefanie" name="Rinderle-Ma" email="stefanie.rinderle-ma@univie.ac.at" role="V - Verantwortlicher Leiter"/>
              <lecturer givenname="Wilfried" name="Grossmann" email="wilfried.grossmann@univie.ac.at" role="P - Mitanbieter"/>
            </group>
          </course>
        </sub-category>
      </category>
      <category name="Kernfachkombination Information Economics and Legislation" id="509_23" parentID="509_16">
        <sub-category name="Modul IEL Information Economics and Legislation (12 ECTS)" id="509_24" parentID="509_23"/>
      </category>
    </module>
    <module name="3. Freifächer (6 ECTS)" id="509_25" parentID="509_1"/>
    <module name="4. Masterseminare" id="509_26" parentID="509_1">
      <category name="Modul MSW Masterseminar aus Wirtschaftsinformatik (6 ECTS)" id="509_27" parentID="509_26"/>
    </module>
  </study>
</studies>
