[
    {
        "partid": "casing",
        "fullname": "Casing and exterior of washing machine",
        "classification": "Color and target audience",
        "quantities": {
            "studentwhite": 45,
            "poshmarvel": 23,
            "goodhousekeeperwood": 45
        }
    },
    {
        "partid": "agiator",
        "fullname": "Agiator",
        "classification": "RPM",
        "quantities": {
            "1000RPM": 34,
            "1200RPM": 99,
            "1400RPM": 14,
            "1600RPM": 34,
            "7500RPM": 99,
            "9000RPM": 99,
            "7700RPM": 99
        }
    },
    {
        "partid": "tub",
        "fullname": "Assembled inner and outer tub",
        "classification": "load volume in kg",
        "quantities": {
            "5kg": 12,
            "6kg": 23,
            "7kg": 54,
            "8kg": 120,
            "9kg": 23,
            "10kg": 1
        }
    },
    {
        "partid": "brandsticker",
        "fullname": "Sticker of brand to label",
        "classification": "Brand name",
        "quantities": {
            "AEG": 87,
            "BOSCH": 120,
            "BauKnecht": 90,
            "BEKO": 90
        }
    },
    {
        "partid": "motor",
        "fullname": "Motor of the washing machine",
        "classification": "Input voltage",
        "quantities": {
            "110V": 340,
            "240V": 123
        }
    },
    {
        "partid": "controlpanel",
        "fullname": "Control unit",
        "classification": "Language",
        "quantities": {
            "english": 23,
            "german": 45,
            "french": 34,
            "chinese": 120,
            "japanese": 45
        }
    },
    {
        "partid": "pcb",
        "fullname": "Printed circuit board (PCB)",
        "classification": "PCB functionality/characteristc",
        "quantities": {
            "wifienabled": 78,
            "standard": 56,
            "appsupport": 23
        }
    }
]